No,Wish,Tone,Audience
1,"Wishing you a birthday filled with love, laughter, and everything your heart desires.",Warm,Universal
2,"May this year bring you closer to all your dreams. Happy Birthday!",Inspirational,Universal
3,"Here's to another year of greatness. Happy Birthday!",Celebratory,Universal
4,"May your birthday be as wonderful as you are.",Warm,Universal
5,"Cheers to you on your special day. Wishing you nothing but happiness.",Celebratory,Universal
6,"Another year older, another year wiser. Happy Birthday!",Classic,Universal
7,"Sending you sunshine and smiles on your birthday.",Warm,Universal
8,"May today be the beginning of your greatest adventure yet.",Inspirational,Young Adults
9,"You deserve all the cake, confetti, and joy in the world today.",Fun,Universal
10,"Happy Birthday! May your day be as bright as your smile.",Warm,Universal
11,"Wishing you a day filled with sweet moments and wonderful memories.",Warm,Universal
12,"May every candle on your cake bring a wish that comes true.",Classic,Universal
13,"Life is a journey and you make every mile worth it. Happy Birthday!",Inspirational,Universal
14,"Today is your day. Own it, enjoy it, and make it unforgettable.",Fun,Young Adults
15,"Happy Birthday to someone who makes the world a better place just by being in it.",Heartfelt,Universal
16,"Here's to celebrating you today and every day. Happy Birthday!",Celebratory,Universal
17,"May your pockets be heavy and your heart be light. Happy Birthday!",Classic,Universal
18,"You're not getting older, you're getting legendary.",Fun,Universal
19,"Wishing you health, wealth, and endless happiness on your birthday.",Classic,Universal
20,"The world is lucky to have you. Happy Birthday!",Heartfelt,Universal
21,"May this birthday mark the start of an amazing new chapter in your life.",Inspirational,Universal
22,"You only turn this age once, so make every second count. Happy Birthday!",Fun,Young Adults
23,"Wishing you peace, love, and joy not just today but every day.",Warm,Universal
24,"Happy Birthday! May your year ahead be full of beautiful surprises.",Warm,Universal
25,"You've accomplished so much and the best is yet to come. Happy Birthday!",Inspirational,Universal
26,"Happy Birthday! Here's to another year of making incredible memories.",Celebratory,Universal
27,"Your presence is a gift to everyone around you. Happy Birthday!",Heartfelt,Universal
28,"May your birthday be just the beginning of a year full of happiness.",Classic,Universal
29,"Happy Birthday to someone who ages like fine wine.",Fun,Adults
30,"Count your blessings, not your wrinkles. Happy Birthday!",Funny,Adults
31,"Wishing the happiest of birthdays to a truly amazing person.",Warm,Universal
32,"Today we celebrate you and all the joy you bring to our lives.",Heartfelt,Universal
33,"May your birthday wishes all come true and then some.",Classic,Universal
34,"You make every room brighter just by walking in. Happy Birthday!",Heartfelt,Universal
35,"Another trip around the sun and you're still shining. Happy Birthday!",Celebratory,Universal
36,"May this year be your boldest, brightest, and most beautiful one yet.",Inspirational,Universal
37,"Happy Birthday! Don't forget to make a wish.",Classic,Universal
38,"You were born to stand out. Happy Birthday!",Inspirational,Young Adults
39,"Eat cake, laugh loud, and enjoy every moment. Happy Birthday!",Fun,Universal
40,"May all the best things in the world find their way to you. Happy Birthday!",Warm,Universal
41,"Birthdays are nature's way of telling us to eat more cake.",Funny,Universal
42,"Happy Birthday! You're proof that the best things in life get better with time.",Heartfelt,Adults
43,"May your special day be surrounded by the people who matter most.",Warm,Universal
44,"Here's to a new year of opportunities, adventures, and growth. Happy Birthday!",Inspirational,Universal
45,"You're one of a kind. Never change. Happy Birthday!",Heartfelt,Universal
46,"Wishing you a birthday that's as special and unique as you are.",Warm,Universal
47,"May you always have the courage to chase your wildest dreams. Happy Birthday!",Inspirational,Young Adults
48,"Happy Birthday! Your best years are still ahead of you.",Inspirational,Universal
49,"Today is all about you. Enjoy every single moment.",Celebratory,Universal
50,"The older you get, the better you get. And you were already amazing. Happy Birthday!",Fun,Adults
51,"Happy Birthday! May your coffee be strong and your Monday be short this year.",Funny,Professional
52,"Wishing you a year of good health, great friends, and unforgettable moments.",Classic,Universal
53,"You are loved more than you know. Happy Birthday!",Heartfelt,Universal
54,"May your birthday bring you as much joy as you bring to others.",Warm,Universal
55,"Happy Birthday! Time to celebrate the masterpiece that is you.",Fun,Universal
56,"Grateful for your existence. Happy Birthday!",Heartfelt,Universal
57,"May the year ahead exceed all your expectations. Happy Birthday!",Inspirational,Universal
58,"Happy Birthday! Keep dreaming big and reaching higher.",Inspirational,Young Adults
59,"You deserve a standing ovation just for being you. Happy Birthday!",Fun,Universal
60,"Wishing you a day as beautiful as your soul.",Warm,Universal
61,"Happy Birthday! May you never stop growing, learning, and becoming.",Inspirational,Universal
62,"Age is just a number, and yours is unlisted. Happy Birthday!",Funny,Adults
63,"Here's to a year filled with laughter and zero regrets. Happy Birthday!",Fun,Young Adults
64,"You are a blessing to everyone who knows you. Happy Birthday!",Heartfelt,Universal
65,"May every day of your new year be better than the last. Happy Birthday!",Warm,Universal
66,"Happy Birthday! Remember, it's not the years in your life but the life in your years.",Classic,Adults
67,"Your story is far from over. The best chapters are still being written. Happy Birthday!",Inspirational,Universal
68,"Wishing you an abundance of love and happiness today and always.",Warm,Universal
69,"Happy Birthday! You make ordinary days extraordinary.",Heartfelt,Universal
70,"Stay golden. Happy Birthday!",Short & Sweet,Universal
71,"May your birthday be filled with moments that become your favorite memories.",Warm,Universal
72,"Happy Birthday to someone who deserves the world and more.",Heartfelt,Universal
73,"Blow out the candles and believe in magic. Happy Birthday!",Fun,Universal
74,"You are never too old to set another goal or to dream a new dream. Happy Birthday!",Inspirational,Adults
75,"Happy Birthday! Here's to less stress and more success this year.",Professional,Universal
76,"You don't need a crown to be royalty. Happy Birthday!",Fun,Universal
77,"May your path be lit with love and your heart be full of joy. Happy Birthday!",Warm,Universal
78,"Happy Birthday! Keep being the incredible person you are.",Heartfelt,Universal
79,"Today we celebrate the day the world became a better place. Happy Birthday!",Heartfelt,Universal
80,"Life gave us the gift of you. Happy Birthday!",Heartfelt,Universal
81,"Wishing you a birthday wrapped in sunshine and tied with a bow of love.",Warm,Universal
82,"Happy Birthday! Go out there and make this year unforgettable.",Inspirational,Young Adults
83,"You're not just a year older, you're a year bolder. Happy Birthday!",Inspirational,Universal
84,"May your troubles be fewer and your blessings be more. Happy Birthday!",Classic,Universal
85,"Happy Birthday! Here's to doing more of what makes your soul happy.",Inspirational,Universal
86,"You've earned every good thing coming your way. Happy Birthday!",Heartfelt,Universal
87,"Wishing you a birthday that fills your heart with gratitude and your eyes with happy tears.",Warm,Universal
88,"Happy Birthday! Stay wild, stay free, stay you.",Fun,Young Adults
89,"The world needs more people like you. Happy Birthday!",Heartfelt,Universal
90,"Here's to 365 new days of possibilities. Happy Birthday!",Inspirational,Universal
91,"May your birthday be the exclamation point at the end of an amazing year.",Fun,Universal
92,"Happy Birthday! You are worthy of every beautiful thing life has to offer.",Heartfelt,Universal
93,"Keep shining, keep smiling, keep being you. Happy Birthday!",Warm,Universal
94,"Wishing you a year of courage, confidence, and endless celebration.",Inspirational,Universal
95,"Happy Birthday! Enjoy your day to the fullest.",Short & Sweet,Universal
96,"May you live all the days of your life. Happy Birthday!",Classic,Adults
97,"You're a rare gem in a world full of stones. Happy Birthday!",Heartfelt,Universal
98,"Happy Birthday! Forget the past, look forward to the future.",Inspirational,Universal
99,"Here's to the person who proves that age is just a number. Happy Birthday!",Fun,Adults
100,"Wishing you a life of purpose, passion, and plenty. Happy Birthday!",Inspirational,Universal
101,"Happy Birthday to you all! May this day bring each of you nothing but joy.",Warm,Group
102,"Cheers to the birthday crew! May your celebrations be legendary.",Fun,Group
103,"Happy Birthday to everyone celebrating today! The world is brighter because of you.",Heartfelt,Group
104,"Wishing the happiest birthday to each and every one of you. Celebrate big!",Celebratory,Group
105,"To all the birthday stars today: may your wishes come true and your smiles never fade.",Warm,Group
106,"Happy Birthday to the whole gang! Here's to another year of amazing memories together.",Fun,Group
107,"Sending birthday love to all of you! May your day be as wonderful as your friendship.",Warm,Group
108,"To everyone blowing out candles today: make it count. Happy Birthday!",Fun,Group
109,"Happy Birthday to all! May each of you find exactly what your heart is looking for.",Heartfelt,Group
110,"Here's to the birthday bunch! Wishing you all health, happiness, and success.",Celebratory,Group
111,"Happy Birthday to a brilliant group of people. Keep shining together!",Warm,Group
112,"To all the birthday celebrants: your energy is contagious and the world thanks you for it.",Heartfelt,Group
113,"Wishing a beautiful birthday to each one of you. May your bond grow stronger every year.",Warm,Group
114,"Happy Birthday to the dream team! Here's to another year of winning together.",Professional,Group
115,"Celebrating all of you today! Happy Birthday and cheers to the journey ahead.",Celebratory,Group
116,"Happy Birthday, young legend! The future is yours for the taking.",Inspirational,Youth
117,"Stay curious, stay brave, stay kind. Happy Birthday!",Inspirational,Youth
118,"The world is your playground. Go explore it. Happy Birthday!",Fun,Youth
119,"Happy Birthday! You're already making a difference and you're just getting started.",Inspirational,Youth
120,"Dream without limits. Happy Birthday!",Short & Sweet,Youth
121,"Your generation is going to change everything. Happy Birthday!",Inspirational,Youth
122,"Happy Birthday! Be fearless in the pursuit of what sets your soul on fire.",Inspirational,Youth
123,"You are braver than you believe and stronger than you seem. Happy Birthday!",Inspirational,Youth
124,"Happy Birthday! Don't let anyone dull your sparkle.",Fun,Youth
125,"The best is yet to come. Trust the process. Happy Birthday!",Inspirational,Youth
126,"Happy Birthday! You've got the whole world in front of you. Go get it.",Inspirational,Youth
127,"Never stop being amazed by the world. Happy Birthday!",Warm,Youth
128,"Your potential is endless. Happy Birthday!",Inspirational,Youth
129,"Happy Birthday! This is your era. Make it count.",Fun,Youth
130,"You're writing your own story and every chapter gets better. Happy Birthday!",Inspirational,Youth
131,"Happy Birthday to someone whose wisdom inspires us every day.",Respectful,Elders
132,"With age comes grace, and you wear it beautifully. Happy Birthday!",Respectful,Elders
133,"Happy Birthday! Thank you for being a guiding light in our lives.",Heartfelt,Elders
134,"Your life is a masterpiece painted with love, sacrifice, and wisdom. Happy Birthday!",Heartfelt,Elders
135,"Happy Birthday! You've taught us more than any book ever could.",Respectful,Elders
136,"Wishing you a peaceful, joyful, and blessed birthday.",Warm,Elders
137,"Happy Birthday to someone who proves that the best things truly do get better with time.",Respectful,Elders
138,"Your strength and grace are an inspiration to us all. Happy Birthday!",Heartfelt,Elders
139,"Happy Birthday! May God continue to bless you with good health and happiness.",Classic,Elders
140,"Every wrinkle tells a story of a life well lived. Happy Birthday!",Heartfelt,Elders
141,"Happy Birthday! Your legacy of kindness lives in everyone you've touched.",Heartfelt,Elders
142,"Thank you for showing us what a life of purpose looks like. Happy Birthday!",Respectful,Elders
143,"Happy Birthday! You are the foundation upon which this family stands strong.",Heartfelt,Elders
144,"Wishing you comfort, joy, and all the love in the world. Happy Birthday!",Warm,Elders
145,"Happy Birthday! We are who we are because of you.",Heartfelt,Elders
146,"Happy Birthday! Wishing you continued success and happiness in your career and beyond.",Professional,Colleague
147,"To a great colleague and an even better person: Happy Birthday!",Professional,Colleague
148,"Happy Birthday! Your hard work and dedication don't go unnoticed.",Professional,Colleague
149,"Wishing you a fantastic birthday and an even better year ahead at work and in life.",Professional,Colleague
150,"Happy Birthday! Thank you for being someone we can always count on.",Professional,Colleague
151,"Here's to another year of crushing goals. Happy Birthday!",Professional,Colleague
152,"Happy Birthday! May your inbox be empty and your coffee always full.",Funny,Colleague
153,"Working with you is a pleasure. Happy Birthday!",Professional,Colleague
154,"Happy Birthday! Your passion and energy make this team better every day.",Professional,Colleague
155,"To a valued team member and wonderful human: Happy Birthday!",Professional,Colleague
156,"Happy Birthday, boss! Thank you for leading with vision and heart.",Professional,Boss
157,"Wishing you a birthday as remarkable as your leadership. Happy Birthday!",Professional,Boss
158,"Happy Birthday! Your guidance has made all the difference.",Professional,Boss
159,"Here's to the leader who inspires us to be better. Happy Birthday!",Professional,Boss
160,"Happy Birthday! Thank you for believing in this team.",Professional,Boss
161,"Happy Birthday! I'm so lucky to have you in my life.",Romantic,Partner
162,"Every day with you feels like a celebration. Happy Birthday, my love!",Romantic,Partner
163,"You are my favorite person in the world. Happy Birthday!",Romantic,Partner
164,"Happy Birthday to the one who makes my heart skip a beat.",Romantic,Partner
165,"Growing old with you is the greatest adventure. Happy Birthday!",Romantic,Partner
166,"You make life beautiful just by being in it. Happy Birthday, love!",Romantic,Partner
167,"Happy Birthday to my best friend and my everything.",Romantic,Partner
168,"I didn't know what love was until you showed me. Happy Birthday!",Romantic,Partner
169,"Here's to another year of us. Happy Birthday, my love!",Romantic,Partner
170,"You are the reason I believe in forever. Happy Birthday!",Romantic,Partner
171,"Happy Birthday, bestie! Life wouldn't be the same without you.",Fun,Best Friend
172,"To my ride or die: Happy Birthday! Let's make this year epic.",Fun,Best Friend
173,"Happy Birthday to the one who knows all my secrets and loves me anyway.",Fun,Best Friend
174,"You're not just a friend, you're family. Happy Birthday!",Heartfelt,Best Friend
175,"Happy Birthday! Thanks for always being real with me.",Heartfelt,Best Friend
176,"Here's to more late nights, deep talks, and stupid laughs. Happy Birthday!",Fun,Best Friend
177,"Happy Birthday to the person who makes my life 100 times more fun.",Fun,Best Friend
178,"You get me like no one else does. Happy Birthday!",Heartfelt,Best Friend
179,"Happy Birthday! I promise to always be your person.",Heartfelt,Best Friend
180,"To my partner in crime: the world isn't ready for another year of us. Happy Birthday!",Fun,Best Friend
181,"Happy Birthday, Mom! Everything I am is because of you.",Heartfelt,Parent
182,"To the strongest woman I know: Happy Birthday, Mom!",Heartfelt,Parent
183,"Happy Birthday, Dad! Your sacrifices never went unnoticed.",Heartfelt,Parent
184,"Mom, you are my first love and my forever hero. Happy Birthday!",Heartfelt,Parent
185,"Happy Birthday, Dad! Thank you for teaching me what it means to be strong.",Heartfelt,Parent
186,"To the parent who gave me everything: Happy Birthday!",Heartfelt,Parent
187,"Happy Birthday! I hope I make you as proud as you make me grateful.",Heartfelt,Parent
188,"Your love has been the greatest gift of my life. Happy Birthday, Mom/Dad!",Heartfelt,Parent
189,"Happy Birthday to the person I look up to most in this world.",Heartfelt,Parent
190,"You made our house a home and our lives a blessing. Happy Birthday!",Heartfelt,Parent
191,"Happy Birthday to my little one! You are my greatest joy.",Warm,Child
192,"Watching you grow is the best adventure of my life. Happy Birthday!",Heartfelt,Child
193,"Happy Birthday! Dream big, laugh often, and never stop being curious.",Inspirational,Child
194,"You make every day brighter. Happy Birthday, sweetheart!",Warm,Child
195,"Happy Birthday to the coolest kid I know!",Fun,Child
196,"May your birthday be filled with all your favorite things. Happy Birthday!",Fun,Child
197,"You are loved beyond measure. Happy Birthday!",Heartfelt,Child
198,"Happy Birthday! The world is so lucky to have you in it.",Heartfelt,Child
199,"Keep being amazing, little one. Happy Birthday!",Warm,Child
200,"Your smile lights up every room. Happy Birthday!",Warm,Child
201,"Happy Birthday, brother! Nobody else could drive me this crazy and still be my favorite.",Fun,Sibling
202,"To my sister, my best friend, my forever ally: Happy Birthday!",Heartfelt,Sibling
203,"Happy Birthday, bro! Here's to another year of being the better-looking sibling.",Funny,Sibling
204,"Sis, you inspire me more than you know. Happy Birthday!",Heartfelt,Sibling
205,"Happy Birthday to the sibling who makes family gatherings actually fun.",Fun,Sibling
206,"We may fight, but I wouldn't trade you for the world. Happy Birthday!",Heartfelt,Sibling
207,"Happy Birthday! You're not just my sibling, you're my forever friend.",Heartfelt,Sibling
208,"To my brother/sister: thanks for always having my back. Happy Birthday!",Heartfelt,Sibling
209,"Happy Birthday! Growing up with you was the best part of my childhood.",Heartfelt,Sibling
210,"You're stuck with me for life. Happy Birthday, sibling!",Fun,Sibling
211,"Happy Birthday! May today be as amazing as you are. Enjoy every moment!",Warm,Universal
212,"On your special day, I wish you nothing but the best life has to offer.",Classic,Universal
213,"Happy Birthday! You're a walking reminder that good people still exist.",Heartfelt,Universal
214,"May this birthday be the turning point for something extraordinary.",Inspirational,Universal
215,"Happy Birthday! Less overthinking, more living this year.",Fun,Young Adults
216,"Wishing you a birthday filled with gratitude, growth, and good vibes.",Inspirational,Universal
217,"Happy Birthday! The fact that you exist makes the world a better place.",Heartfelt,Universal
218,"Here's to another year of proving doubters wrong. Happy Birthday!",Inspirational,Universal
219,"Happy Birthday! May you always find reasons to smile.",Warm,Universal
220,"You are more powerful than you think. Happy Birthday!",Inspirational,Universal
221,"Happy Birthday! Today is your reminder that you are enough.",Heartfelt,Universal
222,"Don't just count your years. Make your years count. Happy Birthday!",Inspirational,Adults
223,"Happy Birthday! You are living proof that great things take time.",Inspirational,Universal
224,"Wishing you a year where everything falls into place. Happy Birthday!",Warm,Universal
225,"Happy Birthday! Your vibe attracts your tribe, and your tribe is amazing.",Fun,Young Adults
226,"May your birthday be low-key, high-joy, and full of good people.",Fun,Universal
227,"Happy Birthday! No filter needed for this kind of greatness.",Fun,Young Adults
228,"Here's to you: imperfect, unstoppable, and deeply loved. Happy Birthday!",Heartfelt,Universal
229,"Happy Birthday! You are not behind. You are not late. You are right on time.",Inspirational,Universal
230,"The best project you'll ever work on is yourself. Happy Birthday!",Inspirational,Professional
231,"Happy Birthday! Here's to more growth, less comparison, and all the peace.",Inspirational,Universal
232,"Wishing you a birthday as genuine as your heart.",Warm,Universal
233,"Happy Birthday! Chase what matters, release what doesn't.",Inspirational,Universal
234,"You're built different, and that's your superpower. Happy Birthday!",Fun,Young Adults
235,"Happy Birthday! This year, bet on yourself.",Inspirational,Universal
236,"To the one who always shows up for others: today is about you. Happy Birthday!",Heartfelt,Universal
237,"Happy Birthday! May your reality be better than your dreams.",Inspirational,Universal
238,"Wishing you a year of answered prayers and unexpected blessings. Happy Birthday!",Warm,Universal
239,"Happy Birthday! Keep evolving. The world needs your next version.",Inspirational,Universal
240,"You're the type of person people write songs about. Happy Birthday!",Fun,Universal
241,"Happy Birthday! Stop doubting yourself. You're doing better than you think.",Inspirational,Universal
242,"Here's to a year of saying yes to what scares you. Happy Birthday!",Inspirational,Young Adults
243,"Happy Birthday! Life is short. Eat the cake. Take the trip. Say the thing.",Fun,Universal
244,"Wishing you a birthday that recharges your soul.",Warm,Universal
245,"Happy Birthday! Your energy is magnetic and the world feels it.",Heartfelt,Universal
246,"To the one who never gives up: your resilience is inspiring. Happy Birthday!",Inspirational,Universal
247,"Happy Birthday! Here's to being unapologetically yourself this year.",Inspirational,Universal
248,"Wishing you the kind of happiness that doesn't need Wi-Fi. Happy Birthday!",Funny,Universal
249,"Happy Birthday! May you always be surrounded by people who see your worth.",Warm,Universal
250,"This is your sign to dream bigger. Happy Birthday!",Inspirational,Universal
