No,Quote,Author
1,"Formal education will make you a living; self-education will make you a fortune.",Jim Rohn
2,"Money is a terrible master but an excellent servant.",P.T. Barnum
3,"The lack of money is the root of all evil.",Mark Twain
4,"Wealth consists not in having great possessions, but in having few wants.",Epictetus
5,"Do not save what is left after spending, but spend what is left after saving.",Warren Buffett
6,"He who loses money loses much; he who loses a friend loses much more; he who loses faith loses all.",Eleanor Roosevelt
7,"Money often costs too much.",Ralph Waldo Emerson
8,"Rich people have small TVs and big libraries, and poor people have small libraries and big TVs.",Zig Ziglar
9,"It's not about how much money you make, but how much money you keep.",Robert Kiyosaki
10,"Annual income twenty pounds, annual expenditure nineteen six, result happiness.",Charles Dickens
11,"The real measure of your wealth is how much you'd be worth if you lost all your money.",Bernard Meltzer
12,"Time is more value than money. You can get more money, but you cannot get more time.",Jim Rohn
13,"Not everything that counts can be counted, and not everything that can be counted counts.",William Bruce Cameron
14,"If you would be wealthy, think of saving as well as getting.",Benjamin Franklin
15,"The art is not in making money, but in keeping it.",Proverb
16,"We are what we repeatedly do. Excellence, then, is not an act, but a habit.",Aristotle
17,"There are no secrets to success. It is the result of preparation, hard work, and learning from failure.",Colin Powell
18,"The only place where success comes before work is in the dictionary.",Vidal Sassoon
19,"Do not pray for an easy life; pray for the strength to endure a difficult one.",Bruce Lee
20,"Hard work beats talent when talent doesn't work hard.",Tim Notke
21,"The man who moves a mountain begins by carrying away small stones.",Confucius
22,"Discipline is the bridge between goals and accomplishment.",Jim Rohn
23,"What we fear doing most is usually what we most need to do.",Tim Ferriss
24,"You don't have to be great to start, but you have to start to be great.",Zig Ziglar
25,"Work hard in silence, let your success be your noise.",Frank Ocean
26,"Without labor nothing prospers.",Sophocles
27,"The world rewards action, not thought.",Naval Ravikant
28,"Stay hungry, stay foolish.",Steve Jobs
29,"A smooth sea never made a skilled sailor.",Franklin D. Roosevelt
30,"Suffer the pain of discipline or suffer the pain of regret.",Jim Rohn
31,"Your work is going to fill a large part of your life, and the only way to be truly satisfied is to do what you believe is great work.",Steve Jobs
32,"Choose a job you love, and you will never have to work a day in your life.",Confucius
33,"The best time to plant a tree was 20 years ago. The second best time is now.",Chinese Proverb
34,"Be so good they can't ignore you.",Steve Martin
35,"Don't be afraid to give up the good to go for the great.",John D. Rockefeller
36,"Opportunities don't happen. You create them.",Chris Grosser
37,"If you don't build your dream, someone will hire you to help build theirs.",Tony Gaskins
38,"The only way to do great work is to love what you do.",Steve Jobs
39,"In the middle of difficulty lies opportunity.",Albert Einstein
40,"It is not the strongest of the species that survives, nor the most intelligent, but the one most responsive to change.",Charles Darwin
41,"If you always do what you've always done, you'll always get what you've always got.",Henry Ford
42,"A person who never made a mistake never tried anything new.",Albert Einstein
43,"The only limit to our realization of tomorrow will be our doubts of today.",Franklin D. Roosevelt
44,"Don't let yesterday take up too much of today.",Will Rogers
45,"What got you here won't get you there.",Marshall Goldsmith
46,"Success is not final, failure is not fatal: it is the courage to continue that counts.",Winston Churchill
47,"I have not failed. I've just found 10,000 ways that won't work.",Thomas Edison
48,"It is not the critic who counts. The credit belongs to the man who is actually in the arena.",Theodore Roosevelt
49,"Success usually comes to those who are too busy to be looking for it.",Henry David Thoreau
50,"Fall seven times, stand up eight.",Japanese Proverb
51,"The only real failure in life is not to be true to the best one knows.",Buddha
52,"I'd rather attempt to do something great and fail than to attempt to do nothing and succeed.",Robert H. Schuller
53,"Success is walking from failure to failure with no loss of enthusiasm.",Winston Churchill
54,"Many of life's failures are people who did not realize how close they were to success when they gave up.",Thomas Edison
55,"You miss 100% of the shots you don't take.",Wayne Gretzky
56,"The master has failed more times than the beginner has even tried.",Stephen McCranie
57,"Ever tried. Ever failed. No matter. Try again. Fail again. Fail better.",Samuel Beckett
58,"Rock bottom became the solid foundation on which I rebuilt my life.",J.K. Rowling
59,"Don't judge each day by the harvest you reap but by the seeds that you plant.",Robert Louis Stevenson
60,"Failure is simply the opportunity to begin again, this time more intelligently.",Henry Ford
61,"A leader is one who knows the way, goes the way, and shows the way.",John C. Maxwell
62,"Before you are a leader, success is all about growing yourself. When you become a leader, success is all about growing others.",Jack Welch
63,"Management is doing things right; leadership is doing the right things.",Peter Drucker
64,"He who has a why to live can bear almost any how.",Friedrich Nietzsche
65,"The task of leadership is not to put greatness into people, but to elicit it, for the greatness is there already.",John Buchan
66,"People don't care how much you know until they know how much you care.",Theodore Roosevelt
67,"The greatest leader is not the one who does the greatest things, but the one who gets people to do the greatest things.",Ronald Reagan
68,"If your actions inspire others to dream more, learn more, do more and become more, you are a leader.",John Quincy Adams
69,"Nearly all men can stand adversity, but if you want to test a man's character, give him power.",Abraham Lincoln
70,"Speak softly and carry a big stick.",Theodore Roosevelt
71,"The bad news is time flies. The good news is you're the pilot.",Michael Altshuler
72,"Lost time is never found again.",Benjamin Franklin
73,"You can do anything, but not everything.",David Allen
74,"The key is not to prioritize what's on your schedule, but to schedule your priorities.",Stephen Covey
75,"Most people overestimate what they can do in one year and underestimate what they can do in ten years.",Bill Gates
76,"Until we can manage time, we can manage nothing else.",Peter Drucker
77,"It's not enough to be busy. The question is: what are we busy about?",Henry David Thoreau
78,"Focus is saying no to the hundred other good ideas.",Steve Jobs
79,"Time you enjoy wasting is not wasted time.",Marthe Troly-Curtin
80,"Lack of direction, not lack of time, is the problem.",Zig Ziglar
81,"No man is free who is not master of himself.",Epictetus
82,"The impediment to action advances action. What stands in the way becomes the way.",Marcus Aurelius
83,"It is not because things are difficult that we do not dare; it is because we do not dare that they are difficult.",Seneca
84,"Knowing yourself is the beginning of all wisdom.",Aristotle
85,"The unexamined life is not worth living.",Socrates
86,"We suffer more in imagination than in reality.",Seneca
87,"The mind is everything. What you think, you become.",Buddha
88,"Memento mori. (Remember that you will die.)",Stoic Philosophy
89,"Between stimulus and response there is a space. In that space is our freedom and power to choose our response.",Viktor Frankl
90,"Man is not worried by real problems so much as by his imagined anxieties about real problems.",Epictetus
91,"If you are depressed you are living in the past. If you are anxious you are living in the future. If you are at peace you are living in the present.",Lao Tzu
92,"Comparison is the thief of joy.",Theodore Roosevelt
93,"The obstacle is the way.",Ryan Holiday (from Marcus Aurelius)
94,"Amor fati. (Love your fate.)",Friedrich Nietzsche
95,"He who conquers himself is the mightiest warrior.",Confucius
96,"Nobody is coming to save you. Your life is 100% your responsibility.",Naval Ravikant
97,"You are not paid for the hour. You are paid for the value you bring to the hour.",Jim Rohn
98,"The graveyard is the richest place on earth, because it is here that you will find all the hopes and dreams that were never fulfilled.",Les Brown
99,"Stop waiting for the perfect moment. Take the moment and make it perfect.",Zoey Sayward
100,"Your comfort zone will kill your dreams quietly.",Unknown
